n_records,encode_s,decode_s
100,0.001321,0.000343
1000,0.012581,0.003767
2000,0.024901,0.007755
3000,0.037106,0.011798
4000,0.046168,0.014156
5000,0.059284,0.017146
6000,0.064916,0.019577
7000,0.072211,0.022916
8000,0.081359,0.025360
9000,0.091043,0.028784
10000,0.103211,0.032777
