n_records,encode_s,decode_s
100,0.001035,0.000342
1000,0.011418,0.004641
2000,0.023393,0.008641
3000,0.035528,0.010728
4000,0.045384,0.013595
5000,0.059851,0.017206
6000,0.075303,0.022372
7000,0.082414,0.026743
8000,0.090902,0.029245
9000,0.101909,0.032349
10000,0.111495,0.034865
